-- phpMyAdmin SQL Dump
-- version 4.8.0
-- https://www.phpmyadmin.net/
--
-- Host: localhost
-- Server version: 10.1.31-MariaDB
-- PHP Version: 7.2.4

SET SQL_MODE = "NO_AUTO_VALUE_ON_ZERO";
SET AUTOCOMMIT = 0;
START TRANSACTION;
SET time_zone = "+00:00";


--
-- Database: `myhmsdb`
--

-- --------------------------------------------------------

--
-- Table structure for table `admintb`
--

CREATE TABLE `admintb` (
  `username` varchar(50) NOT NULL,
  `password` varchar(30) NOT NULL
) ENGINE=InnoDB DEFAULT CHARSET=latin1;

--
-- Dumping data for table `admintb`
--

INSERT INTO `admintb` (`username`, `password`) VALUES
('admin', 'admin123');

-- --------------------------------------------------------

--
-- Table structure for table `appointmenttb`
--

CREATE TABLE `appointmenttb` (
  `pid` int(11) NOT NULL,
  `ID` int(11) NOT NULL,
  `fname` varchar(20) NOT NULL,
  `lname` varchar(20) NOT NULL,
  `gender` varchar(10) NOT NULL,
  `email` varchar(30) NOT NULL,
  `contact` varchar(10) NOT NULL,
  `doctor` varchar(30) NOT NULL,
  `docFees` int(5) NOT NULL,
  `appdate` date NOT NULL,
  `apptime` time NOT NULL,
  `userStatus` int(5) NOT NULL,
  `doctorStatus` int(5) NOT NULL
) ENGINE=InnoDB DEFAULT CHARSET=latin1;

--
-- Dumping data for table `appointmenttb`
--

INSERT INTO `appointmenttb` (`pid`, `ID`, `fname`, `lname`, `gender`, `email`, `contact`, `doctor`, `docFees`, `appdate`, `apptime`, `userStatus`, `doctorStatus`) VALUES
(4, 1, 'Kishan', 'Lal', 'Male', 'kishansmart0@gmail.com', '8838489464', 'Ganesh', 550, '2024-10-14', '10:00:00', 1, 0),
(4, 2, 'Kishan', 'Lal', 'Male', 'kishansmart0@gmail.com', '8838489464', 'Dinesh', 700, '2024-10-28', '10:00:00', 0, 1),
(4, 3, 'Kishan', 'Lal', 'Male', 'kishansmart0@gmail.com', '8838489464', 'Amit', 1000, '2024-10-19', '03:00:00', 0, 1),
(11, 4, 'Shraddha', 'Kapoor', 'Female', 'shraddha@gmail.com', '9768946252', 'ashok', 500, '2024-10-29', '20:00:00', 1, 1),
(4, 5, 'Kishan', 'Lal', 'Male', 'kishansmart0@gmail.com', '8838489464', 'Dinesh', 700, '2024-10-28', '12:00:00', 1, 1),
(4, 6, 'Kishan', 'Lal', 'Male', 'kishansmart0@gmail.com', '8838489464', 'Ganesh', 550, '2024-10-26', '15:00:00', 0, 1),
(2, 8, 'Alia', 'Bhatt', 'Female', 'alia@gmail.com', '8976897689', 'Ganesh', 550, '2024-10-21', '10:00:00', 1, 1),
(5, 9, 'Gautam', 'Shankararam', 'Male', 'gautam@gmail.com', '9070897653', 'Ganesh', 550, '2024-10-19', '20:00:00', 1, 0),
(4, 10, 'Kishan', 'Lal', 'Male', 'kishansmart0@gmail.com', '8838489464', 'Ganesh', 550, '0000-00-00', '14:00:00', 1, 0),
(4, 11, 'Kishan', 'Lal', 'Male', 'kishansmart0@gmail.com', '8838489464', 'Dinesh', 700, '2024-11-05', '15:00:00', 1, 1),
(9, 12, 'William', 'Blake', 'Male', 'william@gmail.com', '8683619153', 'Kumar', 800, '2024-11-05', '12:00:00', 1, 1),
(9, 13, 'William', 'Blake', 'Male', 'william@gmail.com', '8683619153', 'Tiwary', 450, '2024-11-06', '14:00:00', 1, 1);

-- --------------------------------------------------------

--
-- Table structure for table `contact`
--

CREATE TABLE `contact` (
  `name` varchar(30) NOT NULL,
  `email` text NOT NULL,
  `contact` varchar(10) NOT NULL,
  `message` varchar(200) NOT NULL
) ENGINE=InnoDB DEFAULT CHARSET=latin1;

--
-- Dumping data for table `contact`
--

INSERT INTO `contact` (`name`, `email`, `contact`, `message`) VALUES
('Anu', 'anu@gmail.com', '7896677554', 'Hey Admin'),
(' Viki', 'viki@gmail.com', '9899778865', 'Good Job, Pal'),
('Ananya', 'ananya@gmail.com', '9997888879', 'How can I reach you?'),
('Aakash', 'aakash@gmail.com', '8788979967', 'Love your site'),
('Mani', 'mani@gmail.com', '8977768978', 'Want some coffee?'),
('Karthick', 'karthi@gmail.com', '9898989898', 'Good service'),
('Abbis', 'abbis@gmail.com', '8979776868', 'Love your service'),
('Asiq', 'asiq@gmail.com', '9087897564', 'Love your service. Thank you!'),
('Jane', 'jane@gmail.com', '7869869757', 'I love your service!');

-- --------------------------------------------------------

--
-- Table structure for table `doctb`
--

CREATE TABLE `doctb` (
  `username` varchar(50) NOT NULL,
  `password` varchar(50) NOT NULL,
  `email` varchar(50) NOT NULL,
  `spec` varchar(50) NOT NULL,
  `docFees` int(10) NOT NULL
) ENGINE=InnoDB DEFAULT CHARSET=latin1;

--
-- Dumping data for table `doctb`
--

INSERT INTO `doctb` (`username`, `password`, `email`, `spec`, `docFees`) VALUES
('ashok', 'ashok123', 'ashok@gmail.com', 'General', 500),
('arun', 'arun123', 'arun@gmail.com', 'Cardiologist', 600),
('Dinesh', 'dinesh123', 'dinesh@gmail.com', 'General', 700),
('Ganesh', 'ganesh123', 'ganesh@gmail.com', 'Pediatrician', 550),
('Kumar', 'kumar123', 'kumar@gmail.com', 'Pediatrician', 800),
('Amit', 'amit123', 'amit@gmail.com', 'Cardiologist', 1000),
('Abbis', 'abbis123', 'abbis@gmail.com', 'Neurologist', 1500),
('Tiwary', 'tiwary123', 'tiwary@gmail.com', 'Pediatrician', 450);

-- --------------------------------------------------------

--
-- Table structure for table `patreg`
--

CREATE TABLE `patreg` (
  `pid` int(11) NOT NULL,
  `fname` varchar(20) NOT NULL,
  `lname` varchar(20) NOT NULL,
  `gender` varchar(10) NOT NULL,
  `email` varchar(30) NOT NULL,
  `contact` varchar(10) NOT NULL,
  `password` varchar(30) NOT NULL,
  `cpassword` varchar(30) NOT NULL
) ENGINE=InnoDB DEFAULT CHARSET=latin1;

--
-- Dumping data for table `patreg`
--

INSERT INTO `patreg` (`pid`, `fname`, `lname`, `gender`, `email`, `contact`, `password`, `cpassword`) VALUES
(1, 'Ram', 'Kumar', 'Male', 'ram@gmail.com', '9876543210', 'ram123', 'ram123'),
(2, 'Alia', 'Bhatt', 'Female', 'alia@gmail.com', '8976897689', 'alia123', 'alia123'),
(3, 'Shahrukh', 'khan', 'Male', 'shahrukh@gmail.com', '8976898463', 'shahrukh123', 'shahrukh123'),
(4, 'Kishan', 'Lal', 'Male', 'kishansmart0@gmail.com', '8838489464', 'kishan123', 'kishan123'),
(5, 'Gautam', 'Shankararam', 'Male', 'gautam@gmail.com', '9070897653', 'gautam123', 'gautam123'),
(6, 'Sushant', 'Singh', 'Male', 'sushant@gmail.com', '9059986865', 'sushant123', 'sushant123'),
(7, 'Nancy', 'Deborah', 'Female', 'nancy@gmail.com', '9128972454', 'nancy123', 'nancy123'),
(8, 'Kenny', 'Sebastian', 'Male', 'kenny@gmail.com', '9809879868', 'kenny123', 'kenny123'),
(9, 'William', 'Blake', 'Male', 'william@gmail.com', '8683619153', 'william123', 'william123'),
(10, 'Peter', 'Norvig', 'Male', 'peter@gmail.com', '9609362815', 'peter123', 'peter123'),
(11, 'Shraddha', 'Kapoor', 'Female', 'shraddha@gmail.com', '9768946252', 'shraddha123', 'shraddha123');

-- --------------------------------------------------------

--
-- Table structure for table `prestb`
--

CREATE TABLE `prestb` (
  `doctor` varchar(50) NOT NULL,
  `pid` int(11) NOT NULL,
  `ID` int(11) NOT NULL,
  `fname` varchar(50) NOT NULL,
  `lname` varchar(50) NOT NULL,
  `appdate` date NOT NULL,
  `apptime` time NOT NULL,
  `disease` varchar(250) NOT NULL,
  `allergy` varchar(250) NOT NULL,
  `prescription` varchar(1000) NOT NULL
) ENGINE=InnoDB DEFAULT CHARSET=latin1;

--
-- Dumping data for table `prestb`
--

INSERT INTO `prestb` (`doctor`, `pid`, `ID`, `fname`, `lname`, `appdate`, `apptime`, `disease`, `allergy`, `prescription`) VALUES
('Dinesh', 4, 11, 'Kishan', 'Lal', '2024-11-06', '15:00:00', 'Cough', 'Nothing', 'Just take a teaspoon of Benadryl every night'),
('Ganesh', 2, 8, 'Alia', 'Bhatt', '2024-11-06', '10:00:00', 'Severe Fever', 'Nothing', 'Take bed rest'),
('Kumar', 9, 12, 'William', 'Blake', '2024-11-06', '12:00:00', 'Sever fever', 'nothing', 'Paracetamol -> 1 every morning and night'),
('Tiwary', 9, 13, 'William', 'Blake', '2024-11-06', '14:00:00', 'Cough', 'Skin dryness', 'Intake fruits with more water content');

--
-- Indexes for dumped tables
--

--
-- Indexes for table `appointmenttb`
--
ALTER TABLE `appointmenttb`
  ADD PRIMARY KEY (`ID`);

--
-- Indexes for table `patreg`
--
ALTER TABLE `patreg`
  ADD PRIMARY KEY (`pid`);

--
-- AUTO_INCREMENT for dumped tables
--

--
-- AUTO_INCREMENT for table `appointmenttb`
--
ALTER TABLE `appointmenttb`
  MODIFY `ID` int(11) NOT NULL AUTO_INCREMENT, AUTO_INCREMENT=14;

--
-- AUTO_INCREMENT for table `patreg`
--
ALTER TABLE `patreg`
  MODIFY `pid` int(11) NOT NULL AUTO_INCREMENT, AUTO_INCREMENT=12;
COMMIT;




-- Triggers

ALTER TABLE `patreg`
ADD COLUMN `registration_date` TIMESTAMP DEFAULT CURRENT_TIMESTAMP;



-- Trigger for Automatic Timestamp on Patient Registration
DELIMITER //
CREATE TRIGGER auto_timestamp_patient_registration
BEFORE INSERT ON patreg
FOR EACH ROW
BEGIN
    SET NEW.registration_date = NOW();  -- Add current timestamp as registration_date
END;
//
DELIMITER ;

-- Trigger to Update Doctor's Fees when Doctor's Information Changes
DELIMITER //
CREATE TRIGGER update_doctor_fees
AFTER UPDATE ON doctb
FOR EACH ROW
BEGIN
    -- Update all appointments with the new doctor fee
    UPDATE appointmenttb
    SET docFees = NEW.docFees
    WHERE doctor = NEW.username;
END;
//
DELIMITER ;

-- Procedure to retrieve doctor details along with appointment count

DELIMITER //
CREATE PROCEDURE GetDoctorDetailsWithAppointmentCount (IN doctorUsername VARCHAR(50))
BEGIN
    SELECT 
        d.username AS doctor_username,
        d.spec AS specialization, 
        d.docFees AS doctor_fee,
        COUNT(a.ID) AS appointment_count
    FROM 
        doctb d
    LEFT JOIN 
        appointmenttb a ON d.username = a.doctor
    WHERE 
        d.username = doctorUsername
    GROUP BY 
        d.username, d.spec, d.docFees;
END;
//

DELIMITER ;


CALL GetDoctorDetailsWithAppointmentCount('Dinesh');




-- Nested query to count appointments for patients with 'Pending' status
SELECT 
    p.pid, 
    p.fname, 
    p.lname, 
    (SELECT COUNT(*) 
     FROM appointmenttb a 
     WHERE a.pid = p.pid AND a.userStatus = 0) AS pending_appointments_count
FROM 
    patreg p
WHERE 
    EXISTS (SELECT 1 
            FROM appointmenttb a 
            WHERE a.pid = p.pid AND a.userStatus = 0);


-- Join query to fetch patient and appointment details
SELECT 
    p.pid, 
    p.fname AS patient_first_name, 
    p.lname AS patient_last_name, 
    a.appdate AS appointment_date, 
    a.apptime AS appointment_time, 
    a.userStatus AS appointment_status
FROM 
    patreg p
JOIN 
    appointmenttb a ON p.pid = a.pid
WHERE 
    a.appdate = CURDATE();  -- To fetch today's appointments


-- Aggregate query to calculate total appointments and total fees for a doctor
SELECT 
    d.username AS doctor_username,
    COUNT(a.ID) AS total_appointments,
    SUM(a.docFees) AS total_fees_collected
FROM 
    doctb d
LEFT JOIN 
    appointmenttb a ON d.username = a.doctor
GROUP BY 
    d.username;


